,Sex,Length,Diameter,Height,Whole_Weight,Shucked_Weight,Viscera_Weight,Shell_Weight,Rings,Prediction
514,F,0.275,0.195,0.07,0.08,0.031,0.0215,0.025,5,6.704180064308682
119,M,0.405,0.305,0.085,0.2605,0.1145,0.0595,0.085,8,6.704180064308682
2508,I,0.415,0.315,0.105,0.33,0.1405,0.0705,0.095,6,6.704180064308682
1550,I,0.385,0.3,0.09,0.308,0.1525,0.055999999999999994,0.0835,8,6.704180064308682
2634,I,0.425,0.34,0.1,0.3515,0.1625,0.08199999999999999,0.094,7,6.704180064308682
696,I,0.155,0.105,0.05,0.0175,0.005,0.0035,0.005,4,6.704180064308682
3105,I,0.29,0.215,0.06,0.1115,0.053,0.0185,0.032,5,6.704180064308682
2414,I,0.42,0.305,0.11,0.28,0.094,0.0785,0.0955,9,6.704180064308682
4030,I,0.435,0.325,0.1,0.366,0.174,0.0725,0.109,7,6.704180064308682
245,I,0.35,0.26,0.085,0.174,0.0705,0.0345,0.06,10,6.704180064308682
2370,I,0.42,0.325,0.115,0.354,0.1625,0.064,0.105,8,6.704180064308682
1434,I,0.375,0.28,0.085,0.3155,0.187,0.046,0.067,7,6.704180064308682
513,M,0.31,0.22,0.085,0.146,0.061,0.0365,0.045,6,6.704180064308682
2721,I,0.375,0.29,0.14,0.3,0.14,0.0625,0.0825,8,6.704180064308682
830,M,0.415,0.305,0.1,0.325,0.156,0.0505,0.091,6,6.704180064308682
464,I,0.255,0.195,0.07,0.0735,0.0255,0.02,0.025,6,6.704180064308682
3995,I,0.245,0.175,0.055,0.0785,0.04,0.018000000000000002,0.02,5,6.704180064308682
1069,I,0.375,0.28,0.08,0.2345,0.1125,0.0455,0.067,6,6.704180064308682
1063,I,0.285,0.22,0.065,0.096,0.0405,0.0205,0.03,5,6.704180064308682
2501,F,0.33,0.26,0.08,0.2,0.0625,0.05,0.07,9,6.704180064308682
4026,I,0.365,0.28,0.09,0.196,0.0865,0.036000000000000004,0.0605,7,6.704180064308682
3358,M,0.285,0.215,0.075,0.106,0.0415,0.023,0.035,5,6.704180064308682
2455,I,0.235,0.17,0.065,0.0625,0.023,0.013999999999999999,0.022000000000000002,6,6.704180064308682
591,F,0.37,0.29,0.115,0.25,0.111,0.057,0.075,9,6.704180064308682
3531,I,0.365,0.275,0.09,0.2345,0.10800000000000001,0.051,0.0625,7,6.704180064308682
3088,I,0.425,0.32,0.085,0.262,0.1235,0.067,0.0725,8,6.704180064308682
694,I,0.165,0.11,0.02,0.019,0.0065,0.0025,0.005,4,6.704180064308682
3411,I,0.43,0.32,0.1,0.3855,0.192,0.0745,0.1,7,6.704180064308682
1255,I,0.425,0.32,0.1,0.3055,0.126,0.06,0.106,7,6.704180064308682
894,I,0.24,0.175,0.065,0.0665,0.031,0.0135,0.017,3,6.704180064308682
3313,M,0.4,0.31,0.11,0.314,0.138,0.057,0.1,11,6.704180064308682
148,I,0.175,0.13,0.055,0.0315,0.0105,0.0065,0.0125,5,6.704180064308682
3719,I,0.38,0.28,0.095,0.2885,0.165,0.0435,0.067,7,6.704180064308682
3806,I,0.425,0.31,0.095,0.3505,0.1645,0.071,0.1,8,6.704180064308682
1248,I,0.395,0.295,0.095,0.2725,0.115,0.0625,0.085,8,6.704180064308682
4165,I,0.405,0.3,0.085,0.3035,0.15,0.0505,0.08800000000000001,7,6.704180064308682
3964,I,0.27,0.19,0.06,0.099,0.0445,0.017,0.03,5,6.704180064308682
2127,I,0.4,0.31,0.1,0.127,0.106,0.071,0.085,7,6.704180064308682
903,I,0.315,0.235,0.075,0.1485,0.0585,0.0375,0.0425,6,6.704180064308682
921,I,0.42,0.32,0.115,0.376,0.16899999999999998,0.092,0.1,5,6.704180064308682
612,M,0.325,0.24,0.075,0.155,0.0475,0.0355,0.06,9,6.704180064308682
3197,I,0.31,0.235,0.075,0.1515,0.055999999999999994,0.0315,0.05,7,6.704180064308682
3377,I,0.255,0.19,0.07,0.0815,0.027999999999999997,0.016,0.031,5,6.704180064308682
2559,I,0.415,0.325,0.1,0.3335,0.1445,0.0715,0.095,7,6.704180064308682
3834,M,0.335,0.26,0.075,0.22,0.0855,0.04,0.085,6,6.704180064308682
2719,I,0.36,0.26,0.08,0.1795,0.07400000000000001,0.0315,0.06,5,6.704180064308682
1833,I,0.405,0.3,0.09,0.26899999999999996,0.10300000000000001,0.067,0.11,6,6.704180064308682
3330,F,0.385,0.305,0.125,0.314,0.146,0.0555,0.08,10,6.704180064308682
2729,I,0.405,0.305,0.1,0.268,0.1145,0.053,0.085,7,6.704180064308682
521,F,0.36,0.27,0.09,0.1885,0.0845,0.0385,0.055,5,6.704180064308682
3746,I,0.36,0.265,0.085,0.1865,0.0675,0.037000000000000005,0.0615,7,6.704180064308682
1431,I,0.365,0.265,0.135,0.2215,0.105,0.047,0.0605,7,6.704180064308682
3366,M,0.28,0.21,0.065,0.0905,0.035,0.02,0.03,5,6.704180064308682
297,I,0.28,0.21,0.085,0.1065,0.039,0.0295,0.03,4,6.704180064308682
523,M,0.2,0.14,0.055,0.035,0.0145,0.008,0.01,5,6.704180064308682
2046,I,0.415,0.305,0.12,0.336,0.165,0.076,0.0805,7,6.704180064308682
320,I,0.265,0.21,0.06,0.0965,0.0425,0.022000000000000002,0.03,5,6.704180064308682
3428,I,0.25,0.18,0.065,0.0805,0.0345,0.0185,0.0215,4,6.704180064308682
3967,I,0.315,0.23,0.07,0.16399999999999998,0.0625,0.04,0.045,6,6.704180064308682
3160,I,0.275,0.2,0.065,0.1165,0.0565,0.013000000000000001,0.035,7,6.704180064308682
3974,I,0.42,0.32,0.115,0.409,0.2055,0.0935,0.105,8,6.704180064308682
3873,I,0.33,0.25,0.075,0.1405,0.055999999999999994,0.035,0.05,5,6.704180064308682
805,M,0.405,0.305,0.12,0.3185,0.1235,0.0905,0.095,7,6.704180064308682
2196,I,0.37,0.28,0.09,0.233,0.0905,0.0545,0.07,11,6.704180064308682
524,M,0.235,0.16,0.06,0.0545,0.0265,0.0095,0.015,4,6.704180064308682
328,M,0.36,0.295,0.105,0.24100000000000002,0.0865,0.053,0.095,8,6.704180064308682
209,I,0.37,0.28,0.095,0.2655,0.122,0.052000000000000005,0.08,7,6.704180064308682
3347,M,0.415,0.32,0.1,0.3005,0.1215,0.0575,0.10400000000000001,11,6.704180064308682
4067,I,0.4,0.3,0.115,0.318,0.1335,0.0725,0.0935,6,6.704180064308682
609,M,0.35,0.265,0.09,0.1775,0.0575,0.042,0.068,12,6.704180064308682
177,I,0.315,0.245,0.085,0.1435,0.053,0.0475,0.05,8,6.704180064308682
2288,I,0.33,0.265,0.09,0.18,0.068,0.036000000000000004,0.06,6,6.704180064308682
300,F,0.405,0.305,0.095,0.3485,0.1455,0.0895,0.1,9,6.704180064308682
3716,I,0.235,0.13,0.075,0.1585,0.0685,0.037000000000000005,0.0465,5,6.704180064308682
125,I,0.27,0.195,0.06,0.073,0.0285,0.0235,0.03,5,6.704180064308682
920,I,0.415,0.33,0.09,0.3595,0.17,0.081,0.09,6,6.704180064308682
3998,I,0.375,0.28,0.08,0.2235,0.115,0.043,0.055,6,6.704180064308682
2870,I,0.37,0.27,0.09,0.1855,0.07,0.0425,0.065,7,6.704180064308682
3523,I,0.26,0.205,0.07,0.09699999999999999,0.0415,0.019,0.0305,4,6.704180064308682
2227,I,0.275,0.2,0.075,0.086,0.0305,0.019,0.03,7,6.704180064308682
806,I,0.28,0.205,0.07,0.1015,0.040999999999999995,0.03,0.03,6,6.704180064308682
893,I,0.24,0.175,0.055,0.0705,0.025,0.013999999999999999,0.021,5,6.704180064308682
2466,M,0.425,0.325,0.12,0.3755,0.142,0.1065,0.105,9,6.704180064308682
3325,M,0.345,0.265,0.09,0.163,0.0615,0.037000000000000005,0.0485,10,6.704180064308682
620,M,0.345,0.255,0.08,0.16899999999999998,0.06,0.0425,0.054000000000000006,10,6.704180064308682
892,I,0.205,0.14,0.05,0.046,0.0165,0.012,0.0135,6,6.704180064308682
706,M,0.315,0.25,0.09,0.203,0.0615,0.037000000000000005,0.0795,11,6.704180064308682
246,I,0.32,0.245,0.08,0.1585,0.0635,0.0325,0.05,13,6.704180064308682
3408,I,0.39,0.315,0.09,0.3095,0.147,0.05,0.09,7,6.704180064308682
3085,I,0.255,0.185,0.06,0.0925,0.039,0.021,0.025,6,6.704180064308682
3201,F,0.385,0.3,0.1,0.2725,0.1115,0.057,0.08,6,6.704180064308682
1062,I,0.28,0.21,0.085,0.1075,0.0415,0.024,0.034,5,6.704180064308682
3111,I,0.41,0.325,0.105,0.361,0.1605,0.0665,0.10300000000000001,8,6.704180064308682
2493,I,0.42,0.31,0.1,0.2865,0.115,0.0735,0.085,8,6.704180064308682
2371,M,0.18,0.125,0.05,0.023,0.0085,0.0055,0.01,3,6.704180064308682
2732,I,0.41,0.325,0.11,0.326,0.1325,0.075,0.10099999999999999,8,6.704180064308682
545,M,0.32,0.245,0.075,0.1555,0.0585,0.038,0.049,11,6.704180064308682
332,I,0.3,0.22,0.08,0.121,0.0475,0.042,0.035,5,6.704180064308682
3602,I,0.395,0.3,0.09,0.2855,0.1385,0.0625,0.077,5,6.704180064308682
654,F,0.37,0.28,0.11,0.2305,0.0945,0.0465,0.075,10,6.704180064308682
824,I,0.385,0.3,0.1,0.2895,0.1215,0.063,0.09,7,6.704180064308682
2713,I,0.25,0.175,0.06,0.0635,0.0275,0.008,0.02,4,6.704180064308682
1238,I,0.375,0.28,0.08,0.2025,0.0825,0.048,0.065,8,6.704180064308682
178,I,0.225,0.16,0.045,0.0465,0.025,0.015,0.015,4,6.704180064308682
2820,I,0.375,0.285,0.09,0.2545,0.11900000000000001,0.0595,0.0675,6,6.704180064308682
627,F,0.38,0.305,0.095,0.2815,0.1255,0.0525,0.09,8,6.704180064308682
2503,I,0.3,0.23,0.075,0.127,0.052000000000000005,0.03,0.0345,6,6.704180064308682
897,I,0.265,0.195,0.06,0.092,0.0345,0.025,0.0245,6,6.704180064308682
1240,I,0.38,0.275,0.11,0.256,0.11,0.0535,0.0755,6,6.704180064308682
917,I,0.41,0.31,0.09,0.33899999999999997,0.155,0.0695,0.09,7,6.704180064308682
3527,I,0.35,0.26,0.09,0.1765,0.07200000000000001,0.0355,0.0575,7,6.704180064308682
896,I,0.255,0.18,0.055,0.083,0.031,0.0215,0.02,4,6.704180064308682
1990,I,0.28,0.2,0.065,0.0895,0.036000000000000004,0.0185,0.03,7,6.704180064308682
2167,F,0.37,0.275,0.085,0.2405,0.10400000000000001,0.0535,0.07,5,6.704180064308682
2718,I,0.355,0.255,0.08,0.187,0.078,0.0505,0.057999999999999996,7,6.704180064308682
1533,I,0.295,0.215,0.07,0.121,0.047,0.0155,0.0405,6,6.704180064308682
716,I,0.29,0.205,0.07,0.0975,0.036000000000000004,0.019,0.035,8,6.704180064308682
2320,I,0.4,0.31,0.1,0.2875,0.1145,0.0635,0.095,10,6.704180064308682
1555,I,0.41,0.3,0.09,0.28,0.141,0.0575,0.075,8,6.704180064308682
619,M,0.235,0.17,0.055,0.0515,0.018000000000000002,0.0105,0.0195,7,6.704180064308682
2630,I,0.355,0.285,0.095,0.2275,0.0955,0.0475,0.0715,6,6.704180064308682
137,M,0.345,0.255,0.09,0.2005,0.094,0.0295,0.063,9,6.704180064308682
3747,I,0.385,0.29,0.1,0.2575,0.1,0.061,0.086,6,6.704180064308682
326,I,0.32,0.255,0.1,0.1755,0.073,0.0415,0.065,7,6.704180064308682
217,I,0.405,0.3,0.12,0.324,0.1265,0.07,0.11,7,6.704180064308682
3086,I,0.355,0.27,0.075,0.204,0.3045,0.046,0.0595,7,6.704180064308682
713,M,0.355,0.265,0.085,0.201,0.069,0.053,0.0695,8,6.704180064308682
3476,I,0.4,0.29,0.1,0.258,0.10400000000000001,0.059000000000000004,0.0815,7,6.704180064308682
3805,M,0.425,0.305,0.11,0.359,0.17300000000000001,0.0875,0.0975,9,6.704180064308682
708,M,0.36,0.295,0.13,0.2765,0.0895,0.057,0.1005,10,6.704180064308682
3407,I,0.35,0.265,0.08,0.192,0.081,0.0465,0.053,6,6.704180064308682
1535,I,0.305,0.225,0.09,0.1465,0.063,0.034,0.0415,6,6.704180064308682
3748,I,0.4,0.315,0.1,0.3225,0.14300000000000002,0.0735,0.091,6,6.704180064308682
819,I,0.36,0.3,0.085,0.27,0.1185,0.064,0.0745,7,6.704180064308682
3190,I,0.2,0.145,0.025,0.0345,0.011000000000000001,0.0075,0.01,5,6.704180064308682
665,F,0.395,0.295,0.095,0.2245,0.078,0.054000000000000006,0.08,10,6.704180064308682
1551,I,0.39,0.3,0.09,0.252,0.1065,0.053,0.08,7,6.704180064308682
3973,I,0.415,0.33,0.1,0.3905,0.1925,0.0755,0.1025,7,6.704180064308682
2006,I,0.405,0.25,0.09,0.2875,0.128,0.063,0.0805,7,6.704180064308682
2628,I,0.29,0.21,0.06,0.1045,0.0415,0.022000000000000002,0.035,5,6.704180064308682
1834,I,0.41,0.315,0.095,0.2805,0.114,0.0345,0.11,7,6.704180064308682
2866,I,0.32,0.205,0.08,0.18100000000000002,0.08800000000000001,0.034,0.0495,5,6.704180064308682
924,I,0.425,0.315,0.1,0.377,0.1645,0.07200000000000001,0.105,6,6.704180064308682
1843,I,0.435,0.33,0.105,0.335,0.156,0.0555,0.105,8,6.704180064308682
3905,M,0.38,0.27,0.095,0.21899999999999997,0.0835,0.0515,0.07,6,6.704180064308682
1995,I,0.32,0.24,0.07,0.133,0.0585,0.0255,0.040999999999999995,6,6.704180064308682
226,F,0.39,0.29,0.125,0.3055,0.121,0.08199999999999999,0.09,7,6.704180064308682
3430,I,0.325,0.24,0.075,0.152,0.065,0.0305,0.045,6,6.704180064308682
2045,I,0.405,0.31,0.09,0.312,0.138,0.06,0.087,8,6.704180064308682
1218,I,0.315,0.23,0.07,0.1145,0.046,0.0235,0.0385,5,6.704180064308682
714,M,0.35,0.255,0.08,0.1915,0.08,0.0385,0.063,9,6.704180064308682
465,I,0.175,0.125,0.05,0.0235,0.008,0.0035,0.008,5,6.704180064308682
816,I,0.335,0.25,0.08,0.183,0.0735,0.04,0.0575,6,6.704180064308682
1056,I,0.2,0.155,0.04,0.0435,0.0155,0.009000000000000001,0.006999999999999999,4,6.704180064308682
565,M,0.35,0.255,0.065,0.179,0.0705,0.0385,0.06,10,6.704180064308682
2510,I,0.42,0.32,0.1,0.34,0.1745,0.05,0.0945,8,6.704180064308682
132,F,0.325,0.26,0.09,0.1915,0.085,0.036000000000000004,0.062,7,6.704180064308682
2325,F,0.415,0.305,0.105,0.3605,0.12,0.08199999999999999,0.1,10,6.704180064308682
3856,I,0.335,0.255,0.085,0.1785,0.071,0.0405,0.055,9,6.704180064308682
1216,I,0.31,0.225,0.07,0.1055,0.435,0.015,0.04,5,6.704180064308682
47,F,0.46,0.375,0.12,0.4605,0.1775,0.11,0.15,7,9.025817555938039
3550,M,0.505,0.39,0.115,0.5585,0.2575,0.11900000000000001,0.1535,8,9.025817555938039
1562,I,0.45,0.335,0.11,0.4195,0.18100000000000002,0.085,0.1345,7,9.025817555938039
2650,I,0.51,0.395,0.155,0.5395,0.2465,0.1085,0.16699999999999998,8,9.025817555938039
2514,I,0.47,0.37,0.11,0.5555,0.25,0.115,0.163,8,9.025817555938039
1084,I,0.445,0.345,0.105,0.409,0.1675,0.1015,0.11699999999999999,7,9.025817555938039
2125,M,0.47,0.375,0.115,0.4265,0.1685,0.0755,0.15,8,9.025817555938039
3117,F,0.47,0.36,0.1,0.4705,0.1635,0.08900000000000001,0.1385,8,9.025817555938039
3868,F,0.44,0.34,0.135,0.3975,0.1505,0.0945,0.135,8,9.025817555938039
1872,I,0.53,0.395,0.13,0.575,0.247,0.115,0.183,9,9.025817555938039
2063,M,0.525,0.385,0.1,0.5115,0.24600000000000002,0.1005,0.1455,8,9.025817555938039
225,F,0.5,0.37,0.135,0.45,0.1715,0.1055,0.155,9,9.025817555938039
2567,F,0.46,0.35,0.115,0.46,0.2025,0.1115,0.1165,6,9.025817555938039
1088,I,0.45,0.34,0.12,0.4925,0.24100000000000002,0.1075,0.12,6,9.025817555938039
206,I,0.4,0.3,0.11,0.315,0.109,0.067,0.12,9,9.025817555938039
1270,I,0.47,0.355,0.18,0.48,0.2055,0.105,0.1505,8,9.025817555938039
2440,M,0.465,0.355,0.125,0.5255,0.2025,0.135,0.145,13,9.025817555938039
2644,I,0.49,0.375,0.125,0.5445,0.27899999999999997,0.115,0.13,8,9.025817555938039
3385,F,0.475,0.35,0.115,0.48700000000000004,0.19399999999999998,0.1455,0.125,13,9.025817555938039
3089,M,0.455,0.35,0.11,0.45799999999999996,0.2,0.111,0.1305,8,9.025817555938039
1113,I,0.525,0.4,0.13,0.6455,0.325,0.1245,0.17,8,9.025817555938039
4121,I,0.455,0.35,0.13,0.4725,0.215,0.0745,0.15,9,9.025817555938039
3642,I,0.465,0.355,0.12,0.4975,0.2375,0.099,0.14,8,9.025817555938039
3018,I,0.44,0.32,0.105,0.3875,0.1755,0.07400000000000001,0.12,9,9.025817555938039
797,M,0.44,0.335,0.11,0.39399999999999996,0.157,0.096,0.122,9,9.025817555938039
2215,F,0.455,0.35,0.14,0.5725,0.1965,0.1325,0.175,10,9.025817555938039
3977,I,0.475,0.35,0.12,0.4905,0.2035,0.13,0.135,7,9.025817555938039
3217,M,0.425,0.34,0.12,0.38799999999999996,0.149,0.087,0.125,10,9.025817555938039
315,I,0.45,0.355,0.11,0.4585,0.19399999999999998,0.067,0.14,8,9.025817555938039
1034,F,0.655,0.46,0.16,1.494,0.6895,0.331,0.1825,9,9.025817555938039
2745,I,0.485,0.38,0.125,0.5215,0.2215,0.11800000000000001,0.16,8,9.025817555938039
2214,F,0.43,0.325,0.12,0.445,0.165,0.0995,0.155,8,9.025817555938039
3651,I,0.525,0.405,0.125,0.657,0.2985,0.1505,0.168,10,9.025817555938039
1288,I,0.505,0.38,0.12,0.594,0.2595,0.1435,0.18,7,9.025817555938039
667,F,0.485,0.38,0.15,0.605,0.2155,0.14,0.18,15,9.025817555938039
2243,M,0.465,0.36,0.13,0.5265,0.2105,0.1185,0.165,10,9.025817555938039
473,F,0.52,0.405,0.12,0.627,0.2645,0.1415,0.18100000000000002,11,9.025817555938039
2895,I,0.54,0.415,0.11,0.619,0.2755,0.15,0.1765,10,9.025817555938039
1582,I,0.5,0.375,0.14,0.5589999999999999,0.2375,0.135,0.16899999999999998,9,9.025817555938039
53,F,0.47,0.36,0.12,0.4775,0.2105,0.1055,0.15,10,9.025817555938039
3901,F,0.525,0.43,0.125,0.813,0.3315,0.166,0.1775,12,9.025817555938039
564,F,0.47,0.355,0.13,0.5465,0.2005,0.126,0.185,14,9.025817555938039
1280,M,0.495,0.395,0.12,0.5529999999999999,0.22399999999999998,0.1375,0.16699999999999998,8,9.025817555938039
2738,M,0.45,0.325,0.115,0.4305,0.2235,0.0785,0.1155,8,9.025817555938039
65,M,0.475,0.355,0.12,0.48,0.23399999999999999,0.1015,0.135,8,9.025817555938039
2739,I,0.45,0.335,0.095,0.3505,0.1615,0.0625,0.1185,7,9.025817555938039
616,F,0.47,0.355,0.14,0.433,0.1525,0.095,0.152,12,9.025817555938039
1869,I,0.525,0.4,0.145,0.6095,0.248,0.159,0.175,9,9.025817555938039
2291,M,0.475,0.375,0.12,0.563,0.2525,0.1205,0.185,10,9.025817555938039
956,M,0.495,0.4,0.135,0.61,0.272,0.1435,0.14400000000000002,7,9.025817555938039
3225,I,0.44,0.35,0.12,0.375,0.1425,0.0965,0.115,9,9.025817555938039
2519,I,0.505,0.39,0.185,0.6125,0.267,0.142,0.172,7,9.025817555938039
1097,I,0.48,0.38,0.125,0.6245,0.3395,0.1085,0.1665,8,9.025817555938039
3955,I,0.49,0.385,0.12,0.591,0.271,0.1125,0.1775,9,9.025817555938039
647,M,0.48,0.375,0.145,0.777,0.21600000000000003,0.13,0.17,9,9.025817555938039
2050,M,0.45,0.35,0.13,0.4655,0.2075,0.1045,0.135,8,9.025817555938039
3448,M,0.52,0.39,0.12,0.6435,0.2885,0.157,0.161,7,9.025817555938039
3538,M,0.435,0.335,0.11,0.4385,0.2075,0.0715,0.1315,7,9.025817555938039
2410,F,0.505,0.375,0.115,0.5895,0.2635,0.12,0.16699999999999998,10,9.025817555938039
669,F,0.45,0.35,0.145,0.5425,0.1765,0.12300000000000001,0.175,13,9.025817555938039
3872,F,0.515,0.4,0.115,0.578,0.191,0.1445,0.17,9,9.025817555938039
1572,I,0.48,0.37,0.125,0.474,0.179,0.1035,0.175,9,9.025817555938039
3447,F,0.505,0.39,0.12,0.5725,0.2555,0.1325,0.146,8,9.025817555938039
115,F,0.53,0.415,0.115,0.5915,0.233,0.1585,0.18,11,9.025817555938039
950,M,0.48,0.385,0.145,0.64,0.2925,0.1405,0.1575,6,9.025817555938039
2134,F,0.44,0.33,0.115,0.4005,0.14300000000000002,0.113,0.12,8,9.025817555938039
2126,F,0.5,0.4,0.125,0.5765,0.2395,0.126,0.185,10,9.025817555938039
193,I,0.355,0.275,0.085,0.22,0.092,0.06,0.15,8,9.025817555938039
60,M,0.45,0.345,0.105,0.4115,0.18,0.1125,0.135,7,9.025817555938039
1590,I,0.52,0.39,0.13,0.5545,0.2355,0.1095,0.1895,7,9.025817555938039
1261,I,0.45,0.33,0.105,0.44799999999999995,0.20800000000000002,0.08900000000000001,0.12,9,9.025817555938039
2052,M,0.46,0.345,0.12,0.4935,0.2435,0.1175,0.132,8,9.025817555938039
3231,M,0.41,0.325,0.12,0.3745,0.158,0.081,0.125,12,9.025817555938039
1570,M,0.475,0.36,0.1,0.4285,0.1965,0.099,0.11199999999999999,7,9.025817555938039
666,M,0.455,0.35,0.12,0.4835,0.1815,0.14400000000000002,0.16,11,9.025817555938039
4167,M,0.5,0.38,0.125,0.5770000000000001,0.26899999999999996,0.1265,0.1535,9,9.025817555938039
2827,I,0.5,0.375,0.12,0.529,0.2235,0.12300000000000001,0.16,8,9.025817555938039
2049,I,0.445,0.32,0.12,0.37799999999999995,0.152,0.0825,0.12,8,9.025817555938039
2400,I,0.445,0.33,0.1,0.43700000000000006,0.163,0.0755,0.17,13,9.025817555938039
652,I,0.47,0.35,0.13,0.466,0.1845,0.099,0.145,11,9.025817555938039
4017,M,0.66,0.505,0.19,1.4385,0.6775,0.285,0.17800000000000002,11,9.025817555938039
4000,I,0.455,0.35,0.135,0.5365,0.2855,0.0855,0.1325,7,9.025817555938039
3980,F,0.525,0.41,0.115,0.7745,0.41600000000000004,0.163,0.18,7,9.025817555938039
1327,M,0.565,0.39,0.125,0.7440000000000001,0.35200000000000004,0.13,0.1685,11,9.025817555938039
3727,M,0.505,0.4,0.15,0.775,0.3445,0.157,0.185,7,9.025817555938039
97,M,0.47,0.375,0.13,0.523,0.214,0.132,0.145,8,9.025817555938039
3198,M,0.45,0.335,0.14,0.478,0.1865,0.115,0.16,11,9.025817555938039
3152,F,0.47,0.375,0.105,0.513,0.23199999999999998,0.142,0.13,11,9.025817555938039
1839,I,0.42,0.325,0.1,0.368,0.1675,0.0625,0.1135,11,9.025817555938039
3026,I,0.495,0.375,0.115,0.507,0.24100000000000002,0.10300000000000001,0.15,8,9.025817555938039
2880,I,0.475,0.375,0.11,0.494,0.21100000000000002,0.109,0.1545,8,9.025817555938039
957,M,0.5,0.39,0.135,0.6595,0.3145,0.1535,0.1565,6,9.025817555938039
3645,I,0.475,0.335,0.1,0.4425,0.1895,0.086,0.135,9,9.025817555938039
2879,I,0.47,0.385,0.13,0.5870000000000001,0.264,0.11699999999999999,0.174,8,9.025817555938039
3547,I,0.48,0.355,0.125,0.494,0.2385,0.0835,0.15,9,9.025817555938039
1455,M,0.475,0.37,0.125,0.649,0.34700000000000003,0.136,0.142,8,9.025817555938039
2298,I,0.415,0.325,0.1,0.385,0.16699999999999998,0.08,0.125,7,9.025817555938039
1465,I,0.515,0.395,0.125,0.556,0.2695,0.096,0.17,8,9.025817555938039
951,M,0.48,0.36,0.1,0.439,0.19399999999999998,0.099,0.115,8,9.025817555938039
2428,F,0.53,0.385,0.125,0.6695,0.289,0.151,0.18,10,9.025817555938039
402,F,0.435,0.325,0.11,0.4335,0.17800000000000002,0.0985,0.155,7,9.025817555938039
4125,I,0.54,0.415,0.135,0.7090000000000001,0.3195,0.174,0.185,9,9.025817555938039
3335,F,0.425,0.325,0.135,0.382,0.1465,0.079,0.14,12,9.025817555938039
631,F,0.43,0.34,0.12,0.391,0.1555,0.095,0.1405,7,9.025817555938039
2652,I,0.515,0.4,0.125,0.5925,0.265,0.1175,0.168,9,9.025817555938039
345,M,0.49,0.39,0.14,0.7070000000000001,0.2795,0.2185,0.18,13,9.025817555938039
3024,I,0.475,0.375,0.11,0.456,0.182,0.099,0.16,9,9.025817555938039
1459,I,0.485,0.38,0.12,0.4725,0.2075,0.1075,0.147,6,9.025817555938039
2147,M,0.46,0.375,0.135,0.4935,0.18600000000000003,0.0845,0.17,12,9.025817555938039
3893,I,0.435,0.355,0.125,0.4075,0.1535,0.07400000000000001,0.165,9,9.025817555938039
3033,M,0.535,0.41,0.12,0.6835,0.3125,0.1655,0.159,8,9.025817555938039
632,M,0.46,0.365,0.125,0.467,0.1895,0.0945,0.158,10,9.025817555938039
110,M,0.495,0.395,0.125,0.5415,0.2375,0.1345,0.155,9,9.025817555938039
936,I,0.45,0.335,0.105,0.447,0.2335,0.153,0.11900000000000001,7,9.025817555938039
343,F,0.505,0.375,0.18,0.568,0.2325,0.1495,0.17,12,9.025817555938039
949,M,0.48,0.375,0.115,0.6765,0.3205,0.1065,0.17,6,9.025817555938039
2658,I,0.55,0.42,0.13,0.636,0.294,0.14400000000000002,0.1755,8,9.025817555938039
648,I,0.46,0.35,0.12,0.4885,0.193,0.105,0.155,11,9.025817555938039
444,F,0.41,0.325,0.105,0.3635,0.159,0.077,0.12,10,9.025817555938039
1281,I,0.5,0.38,0.135,0.594,0.2945,0.10400000000000001,0.1565,9,9.025817555938039
3753,I,0.475,0.36,0.11,0.452,0.191,0.099,0.13,8,9.025817555938039
4074,I,0.52,0.4,0.14,0.622,0.278,0.1455,0.16899999999999998,8,9.025817555938039
2281,I,0.485,0.415,0.14,0.5705,0.25,0.134,0.185,8,9.025817555938039
3541,I,0.45,0.35,0.11,0.514,0.253,0.1045,0.14,8,9.025817555938039
2891,I,0.53,0.38,0.125,0.616,0.292,0.113,0.185,8,9.025817555938039
1278,I,0.495,0.355,0.12,0.4965,0.214,0.1045,0.1495,8,9.025817555938039
735,M,0.51,0.39,0.125,0.6565,0.262,0.1835,0.175,10,9.025817555938039
4111,I,0.515,0.4,0.14,0.7165,0.3495,0.1595,0.1785,8,9.025817555938039
2443,F,0.445,0.335,0.14,0.4565,0.1785,0.114,0.14,11,9.025817555938039
2573,I,0.475,0.355,0.105,0.46799999999999997,0.201,0.1115,0.12,8,9.025817555938039
1594,I,0.525,0.4,0.14,0.654,0.305,0.16,0.16899999999999998,7,9.025817555938039
1585,I,0.515,0.36,0.125,0.4725,0.1815,0.125,0.138,9,9.025817555938039
729,F,0.52,0.4,0.12,0.6515,0.261,0.2015,0.165,15,9.025817555938039
1469,M,0.525,0.4,0.14,0.7205,0.3685,0.145,0.1735,8,9.025817555938039
842,M,0.5,0.4,0.125,0.5975,0.27,0.1275,0.166,9,9.025817555938039
1463,M,0.505,0.385,0.105,0.5525,0.239,0.1245,0.1555,9,9.025817555938039
392,F,0.47,0.375,0.125,0.5615,0.252,0.13699999999999998,0.18,10,9.025817555938039
3412,I,0.48,0.355,0.115,0.5785,0.25,0.106,0.184,8,9.025817555938039
2882,I,0.5,0.39,0.13,0.5075,0.2115,0.10400000000000001,0.1755,9,9.025817555938039
3755,I,0.51,0.395,0.105,0.5525,0.23399999999999999,0.127,0.165,8,9.025817555938039
3932,F,0.49,0.37,0.115,0.541,0.171,0.1175,0.185,11,9.025817555938039
1458,I,0.48,0.36,0.125,0.542,0.2795,0.1025,0.147,7,9.025817555938039
554,I,0.485,0.39,0.125,0.591,0.287,0.141,0.12,9,9.025817555938039
2307,F,0.465,0.375,0.135,0.6,0.2225,0.129,0.23,16,12.3125
3277,F,0.465,0.39,0.14,0.5555,0.213,0.1075,0.215,15,12.3125
675,F,0.52,0.395,0.18,0.64,0.158,0.11,0.245,22,15.0
287,F,0.495,0.4,0.155,0.6445,0.242,0.1325,0.205,17,15.0
3274,F,0.5,0.405,0.14,0.6735,0.265,0.124,0.25,18,11.555555555555555
107,F,0.5,0.4,0.125,0.6675,0.261,0.1315,0.22,10,11.555555555555555
2231,F,0.505,0.4,0.165,0.7290000000000001,0.2675,0.155,0.25,9,11.555555555555555
3200,F,0.505,0.405,0.16,0.6835,0.271,0.145,0.215,10,20.0
344,F,0.46,0.425,0.155,0.746,0.3005,0.152,0.24,8,20.0
625,F,0.525,0.405,0.16,0.6579999999999999,0.2655,0.1125,0.225,12,11.090909090909092
1312,F,0.55,0.405,0.125,0.6509999999999999,0.2965,0.13699999999999998,0.2,9,11.090909090909092
768,F,0.55,0.43,0.155,0.785,0.289,0.22699999999999998,0.233,11,11.090909090909092
2401,F,0.585,0.415,0.155,0.6985,0.3,0.146,0.195,12,11.090909090909092
105,F,0.52,0.41,0.155,0.727,0.29100000000000004,0.1835,0.235,12,11.090909090909092
3866,F,0.525,0.43,0.165,0.7170000000000001,0.289,0.1745,0.195,10,11.090909090909092
2350,F,0.515,0.435,0.17,0.631,0.2765,0.111,0.21600000000000003,12,11.090909090909092
3320,F,0.535,0.425,0.155,0.7765,0.302,0.1565,0.25,16,11.090909090909092
3137,M,0.465,0.36,0.105,0.488,0.188,0.0845,0.19,10,10.235294117647058
2321,M,0.49,0.395,0.135,0.5545,0.213,0.0925,0.215,14,13.625
283,M,0.485,0.395,0.14,0.6295,0.2285,0.127,0.225,14,13.625
2096,M,0.5,0.39,0.145,0.6509999999999999,0.273,0.132,0.22,11,13.625
2101,M,0.5,0.38,0.155,0.66,0.2655,0.1365,0.215,19,10.0
388,M,0.49,0.42,0.125,0.609,0.239,0.1435,0.22,14,10.666666666666666
439,M,0.5,0.415,0.165,0.6885,0.249,0.138,0.25,13,10.666666666666666
3760,M,0.53,0.425,0.13,0.7020000000000001,0.2975,0.1395,0.22,9,10.666666666666666
419,M,0.545,0.41,0.14,0.625,0.223,0.16,0.235,13,13.384615384615385
330,M,0.5,0.38,0.155,0.5955,0.2135,0.161,0.2,12,13.384615384615385
2309,M,0.47,0.375,0.13,0.5795,0.2145,0.16399999999999998,0.195,13,13.384615384615385
308,M,0.55,0.41,0.125,0.7605,0.2505,0.1635,0.195,14,13.384615384615385
327,M,0.51,0.4,0.13,0.6435,0.27,0.1665,0.205,12,13.384615384615385
3946,M,0.525,0.41,0.165,0.8005,0.2635,0.1985,0.25,13,13.384615384615385
2498,M,0.495,0.4,0.14,0.7775,0.2015,0.18,0.25,15,13.384615384615385
688,M,0.525,0.4,0.17,0.7305,0.27899999999999997,0.2055,0.195,11,9.4
3332,I,0.44,0.34,0.125,0.4895,0.1735,0.0875,0.2,13,9.8
2660,I,0.555,0.425,0.13,0.648,0.2835,0.133,0.2105,8,9.8
4073,I,0.515,0.395,0.125,0.5805,0.2365,0.1075,0.19,9,9.8
50,I,0.52,0.41,0.12,0.595,0.2385,0.111,0.19,8,9.8
2754,I,0.525,0.385,0.13,0.607,0.2355,0.125,0.195,8,9.8
559,I,0.52,0.4,0.145,0.66,0.267,0.1055,0.22,13,9.8
1598,I,0.53,0.4,0.145,0.555,0.1935,0.1305,0.195,9,9.8
3758,I,0.525,0.4,0.14,0.6055,0.2605,0.10800000000000001,0.21,9,9.8
1877,I,0.54,0.39,0.125,0.6255,0.2525,0.158,0.19,8,9.8
2763,I,0.55,0.425,0.135,0.6559999999999999,0.257,0.17,0.203,10,9.8
1294,I,0.52,0.395,0.125,0.6629999999999999,0.3005,0.131,0.1905,9,16.5
586,I,0.52,0.425,0.17,0.6805,0.28,0.174,0.195,10,10.333333333333334
590,I,0.51,0.4,0.15,0.745,0.2865,0.1675,0.235,13,9.818181818181818
2070,I,0.55,0.42,0.115,0.6679999999999999,0.2925,0.13699999999999998,0.209,11,9.818181818181818
3042,I,0.575,0.43,0.13,0.7425,0.2895,0.2005,0.22,8,9.818181818181818
1879,I,0.545,0.43,0.14,0.687,0.2615,0.1405,0.25,9,9.818181818181818
2899,I,0.55,0.425,0.13,0.664,0.2695,0.163,0.21,8,9.818181818181818
1870,I,0.53,0.43,0.14,0.677,0.298,0.0965,0.23,8,9.818181818181818
548,F,0.565,0.45,0.16,0.795,0.3605,0.1555,0.23,12,9.705583756345177
2985,I,0.535,0.4,0.135,0.775,0.368,0.20800000000000002,0.2055,8,9.705583756345177
1771,I,0.455,0.325,0.135,0.82,0.4005,0.1715,0.21100000000000002,8,9.705583756345177
3561,I,0.57,0.42,0.13,0.7745,0.3535,0.1505,0.2365,9,9.705583756345177
2580,M,0.525,0.425,0.125,0.812,0.4035,0.1705,0.195,8,9.705583756345177
4129,I,0.57,0.425,0.14,0.7655,0.331,0.14,0.24,10,9.705583756345177
975,F,0.53,0.425,0.15,0.8495,0.32799999999999996,0.23199999999999998,0.20199999999999999,8,9.705583756345177
3287,M,0.55,0.46,0.13,0.7085,0.305,0.1455,0.205,12,9.705583756345177
1311,I,0.55,0.43,0.145,0.7895,0.3745,0.171,0.223,11,9.705583756345177
3839,M,0.52,0.425,0.125,0.79,0.37200000000000005,0.205,0.19,8,9.705583756345177
1619,I,0.56,0.445,0.15,0.8225,0.3685,0.187,0.23600000000000002,10,9.705583756345177
2031,F,0.6,0.45,0.14,0.8370000000000001,0.37,0.177,0.2425,10,9.705583756345177
1318,I,0.555,0.43,0.14,0.7665,0.341,0.165,0.23,9,9.705583756345177
1893,I,0.565,0.46,0.155,0.8715,0.3755,0.215,0.25,10,9.705583756345177
846,F,0.54,0.42,0.14,0.805,0.369,0.1725,0.21,11,9.705583756345177
979,M,0.535,0.435,0.14,0.8740000000000001,0.3735,0.22899999999999998,0.2195,8,9.705583756345177
262,M,0.53,0.42,0.165,0.8945,0.319,0.239,0.245,11,9.705583756345177
1857,I,0.505,0.4,0.145,0.7045,0.33399999999999996,0.1425,0.207,8,9.705583756345177
3818,M,0.565,0.445,0.14,0.836,0.406,0.1605,0.2245,9,9.705583756345177
3726,I,0.5,0.395,0.145,0.7865,0.332,0.1815,0.2455,8,9.705583756345177
409,M,0.57,0.44,0.095,0.8270000000000001,0.3395,0.2215,0.235,8,9.705583756345177
1128,F,0.56,0.44,0.155,0.6405,0.336,0.1765,0.245,8,9.705583756345177
1599,I,0.53,0.42,0.13,0.8365,0.3745,0.16699999999999998,0.249,11,9.705583756345177
2900,F,0.55,0.435,0.14,0.745,0.34700000000000003,0.174,0.2265,9,9.705583756345177
3663,I,0.55,0.4,0.135,0.7170000000000001,0.3315,0.1495,0.221,9,9.705583756345177
1321,I,0.56,0.425,0.145,0.688,0.3095,0.1305,0.2165,9,9.705583756345177
1907,F,0.575,0.43,0.155,0.7955,0.3485,0.1925,0.22,9,9.705583756345177
3757,I,0.52,0.41,0.14,0.6990000000000001,0.3395,0.129,0.1945,10,9.705583756345177
2279,M,0.525,0.405,0.135,0.7575,0.3305,0.21600000000000003,0.195,10,9.705583756345177
1307,I,0.545,0.435,0.135,0.7715,0.37200000000000005,0.14800000000000002,0.22699999999999998,8,9.705583756345177
3764,I,0.535,0.4,0.145,0.705,0.3065,0.1365,0.22,10,9.705583756345177
843,M,0.505,0.44,0.14,0.8275,0.3415,0.1855,0.239,8,9.705583756345177
1602,I,0.54,0.425,0.14,0.742,0.32,0.1395,0.25,9,9.705583756345177
4172,F,0.565,0.45,0.165,0.887,0.37,0.239,0.249,11,9.705583756345177
2328,F,0.525,0.425,0.145,0.7995,0.3345,0.209,0.24,15,9.705583756345177
2066,F,0.54,0.385,0.14,0.7655,0.3265,0.11599999999999999,0.2365,10,9.705583756345177
1615,I,0.55,0.425,0.15,0.7665,0.33899999999999997,0.17600000000000002,0.21,8,9.705583756345177
2901,I,0.56,0.43,0.13,0.728,0.3355,0.1435,0.2175,8,9.705583756345177
2655,M,0.545,0.42,0.145,0.778,0.3745,0.1545,0.205,7,9.705583756345177
1314,I,0.55,0.435,0.14,0.7535,0.3285,0.1555,0.2325,10,9.705583756345177
4039,I,0.56,0.44,0.155,0.8109999999999999,0.3685,0.17800000000000002,0.235,11,9.705583756345177
2584,M,0.54,0.435,0.14,0.7345,0.33,0.1595,0.213,9,9.705583756345177
470,F,0.53,0.44,0.135,0.7835,0.313,0.1715,0.2185,9,9.705583756345177
2173,M,0.595,0.465,0.125,0.799,0.3245,0.2,0.23,10,9.705583756345177
1347,I,0.59,0.445,0.135,0.7715,0.32799999999999996,0.1745,0.23,9,9.705583756345177
552,I,0.56,0.44,0.165,0.8,0.335,0.1735,0.25,12,9.705583756345177
3914,I,0.52,0.39,0.14,0.7325,0.2415,0.14400000000000002,0.26,19,15.75
268,M,0.47,0.39,0.15,0.6355,0.2185,0.0885,0.255,9,15.75
2329,I,0.48,0.39,0.145,0.5825,0.2315,0.121,0.255,15,15.75
810,M,0.505,0.405,0.14,0.875,0.2665,0.174,0.285,12,13.0
549,I,0.555,0.425,0.18,0.875,0.3695,0.2005,0.255,11,11.166666666666666
3820,M,0.57,0.44,0.145,0.8815,0.3605,0.1955,0.2735,10,10.131578947368421
408,M,0.555,0.45,0.145,0.915,0.4,0.24600000000000002,0.285,11,10.131578947368421
1891,I,0.565,0.435,0.145,0.8445,0.3975,0.158,0.255,9,10.131578947368421
981,F,0.55,0.43,0.14,0.8105,0.368,0.161,0.275,9,10.131578947368421
848,F,0.55,0.43,0.125,0.9229999999999999,0.4035,0.175,0.28300000000000003,8,10.131578947368421
2346,F,0.56,0.43,0.125,0.8025,0.313,0.1715,0.263,13,10.131578947368421
4134,F,0.595,0.455,0.14,0.914,0.3895,0.2225,0.271,9,10.131578947368421
3766,F,0.555,0.44,0.14,0.846,0.34600000000000003,0.1715,0.2735,10,10.131578947368421
3851,M,0.56,0.44,0.13,0.8255,0.2425,0.20199999999999999,0.285,10,10.131578947368421
1796,M,0.585,0.455,0.145,0.953,0.3945,0.2685,0.258,10,10.131578947368421
3563,I,0.575,0.455,0.155,0.8725,0.349,0.2095,0.285,8,10.0
578,I,0.58,0.445,0.15,0.8865,0.38299999999999995,0.209,0.255,11,10.0
509,I,0.56,0.445,0.155,0.8735,0.3005,0.209,0.275,16,10.0
3565,F,0.575,0.475,0.16,0.895,0.3605,0.221,0.271,9,11.6
3898,F,0.565,0.46,0.15,0.8765,0.3455,0.1925,0.275,10,11.6
2759,F,0.545,0.44,0.15,0.9475,0.366,0.239,0.275,8,11.6
1339,F,0.58,0.445,0.15,0.858,0.4,0.156,0.253,8,11.6
2261,M,0.585,0.43,0.16,0.955,0.3625,0.17600000000000002,0.27,11,18.0
87,M,0.56,0.44,0.16,0.8645,0.3305,0.2075,0.26,10,10.777777777777779
3767,M,0.555,0.46,0.16,0.86,0.3345,0.1935,0.275,10,10.777777777777779
2932,M,0.615,0.455,0.15,0.9335,0.382,0.247,0.2615,10,10.777777777777779
1331,M,0.57,0.435,0.17,0.873,0.382,0.183,0.2705,10,16.5
685,M,0.565,0.44,0.185,0.909,0.344,0.2325,0.255,15,10.0
199,M,0.585,0.46,0.185,0.922,0.3635,0.213,0.285,10,10.0
3303,F,0.565,0.45,0.185,0.9285,0.302,0.1805,0.265,12,10.0
3937,M,0.53,0.425,0.11,0.7390000000000001,0.237,0.161,0.295,13,11.0
3387,M,0.545,0.41,0.145,0.873,0.3035,0.196,0.31,18,16.428571428571427
1777,I,0.485,0.345,0.16,0.8690000000000001,0.3085,0.185,0.319,9,16.428571428571427
762,F,0.54,0.44,0.135,0.9590000000000001,0.2385,0.221,0.3,17,16.0
766,F,0.59,0.445,0.13,1.1325,0.3825,0.23399999999999999,0.32,13,10.0
642,F,0.59,0.45,0.16,0.9,0.358,0.156,0.315,19,16.333333333333332
3053,F,0.6,0.45,0.14,0.8690000000000001,0.3425,0.195,0.29100000000000004,11,16.333333333333332
3773,F,0.575,0.46,0.15,0.927,0.33299999999999996,0.207,0.2985,9,10.785714285714286
180,M,0.57,0.48,0.18,0.9395,0.39899999999999997,0.2,0.295,14,10.785714285714286
2260,M,0.55,0.46,0.175,0.8690000000000001,0.3155,0.1825,0.32,10,10.785714285714286
2775,I,0.585,0.46,0.145,0.8465,0.33899999999999997,0.16699999999999998,0.295,10,10.785714285714286
2163,F,0.55,0.47,0.15,0.897,0.377,0.184,0.29,9,10.785714285714286
3256,F,0.575,0.48,0.15,0.8745,0.375,0.193,0.29,12,10.785714285714286
336,M,0.6,0.475,0.19,1.0875,0.40299999999999997,0.2655,0.325,14,14.75
2406,F,0.58,0.46,0.185,1.0170000000000001,0.3515,0.2,0.32,10,14.75
4081,M,0.56,0.45,0.145,0.9355,0.425,0.1645,0.2725,11,9.872689938398358
1466,M,0.515,0.425,0.145,0.9365,0.49700000000000005,0.18100000000000002,0.2185,8,9.872689938398358
2893,F,0.535,0.445,0.125,0.8725,0.41700000000000004,0.19899999999999998,0.24,8,9.872689938398358
1655,F,0.6,0.46,0.155,0.9735,0.42700000000000005,0.2045,0.3,8,9.872689938398358
3781,M,0.615,0.455,0.13,0.9685,0.49,0.182,0.2655,10,9.872689938398358
3422,M,0.61,0.47,0.155,1.0325,0.49700000000000005,0.2175,0.2785,9,9.872689938398358
4136,F,0.615,0.495,0.155,1.0805,0.52,0.19,0.32,9,9.872689938398358
3667,F,0.585,0.42,0.155,1.034,0.43700000000000006,0.2225,0.32,11,9.872689938398358
2598,M,0.6,0.46,0.15,1.247,0.5335,0.2735,0.29,9,9.872689938398358
1014,F,0.625,0.5,0.165,1.288,0.573,0.3035,0.315,9,9.872689938398358
3615,M,0.615,0.475,0.19,1.4335,0.7315,0.305,0.3285,9,9.872689938398358
2772,M,0.58,0.44,0.175,1.2255,0.5405,0.2705,0.3265,10,9.872689938398358
1671,M,0.61,0.47,0.16,1.022,0.449,0.2345,0.2945,9,9.872689938398358
1942,M,0.63,0.49,0.155,1.2525,0.63,0.24600000000000002,0.289,9,9.872689938398358
1911,M,0.58,0.44,0.15,1.0465,0.518,0.2185,0.2795,10,9.872689938398358
1504,F,0.635,0.505,0.145,1.1345,0.505,0.2655,0.315,10,9.872689938398358
489,F,0.57,0.455,0.165,1.0595,0.44,0.2195,0.285,14,9.872689938398358
483,F,0.58,0.46,0.15,0.9955,0.429,0.212,0.26,19,9.872689938398358
1132,F,0.565,0.45,0.175,1.0095,0.447,0.2375,0.2645,9,9.872689938398358
2487,F,0.63,0.51,0.185,1.235,0.5115,0.349,0.3065,11,9.872689938398358
3575,M,0.6,0.47,0.15,0.9279999999999999,0.4225,0.183,0.275,8,9.872689938398358
4012,F,0.62,0.465,0.14,1.011,0.479,0.2385,0.255,8,9.872689938398358
340,M,0.575,0.455,0.145,1.165,0.581,0.2275,0.3,14,9.872689938398358
1890,M,0.565,0.455,0.155,0.9355,0.42100000000000004,0.183,0.26,11,9.872689938398358
1798,M,0.6,0.495,0.175,1.3005,0.6195,0.284,0.3285,11,9.872689938398358
3560,M,0.57,0.47,0.155,1.186,0.6355,0.2315,0.27699999999999997,10,9.872689938398358
188,F,0.63,0.48,0.16,1.199,0.5265,0.335,0.315,11,9.872689938398358
1669,F,0.61,0.465,0.16,1.0725,0.4835,0.2515,0.28,10,9.872689938398358
194,F,0.51,0.4,0.14,0.8145,0.45899999999999996,0.1965,0.195,10,9.872689938398358
3070,F,0.655,0.49,0.16,1.204,0.5455,0.2615,0.3225,9,9.872689938398358
998,F,0.59,0.455,0.145,1.063,0.5155,0.2445,0.25,8,9.872689938398358
2592,M,0.59,0.465,0.14,1.046,0.4695,0.263,0.263,7,9.872689938398358
3731,F,0.55,0.415,0.18,1.1655,0.502,0.301,0.311,9,9.872689938398358
4041,I,0.575,0.45,0.15,0.858,0.449,0.166,0.215,10,9.872689938398358
3464,M,0.635,0.495,0.155,1.3635,0.583,0.2985,0.295,10,9.872689938398358
2595,F,0.595,0.465,0.15,1.0255,0.41200000000000003,0.2745,0.289,11,9.872689938398358
1480,F,0.58,0.46,0.175,1.165,0.65,0.2205,0.3055,9,9.872689938398358
1926,M,0.615,0.47,0.145,1.0285,0.4435,0.2825,0.285,11,9.872689938398358
3668,F,0.585,0.465,0.145,0.9855,0.4325,0.2145,0.2845,10,9.872689938398358
2852,F,0.645,0.49,0.16,1.1665,0.4935,0.3155,0.299,9,9.872689938398358
1722,F,0.655,0.51,0.15,1.043,0.4795,0.223,0.305,9,9.872689938398358
2790,F,0.62,0.48,0.165,1.0125,0.5325,0.4365,0.324,10,9.872689938398358
3733,M,0.605,0.455,0.16,1.1215,0.5329999999999999,0.273,0.271,10,9.872689938398358
760,M,0.585,0.405,0.15,1.2565,0.435,0.20199999999999999,0.325,15,9.872689938398358
2952,F,0.645,0.485,0.15,1.151,0.5935,0.2315,0.293,12,9.872689938398358
182,F,0.56,0.45,0.16,1.0235,0.429,0.268,0.3,10,9.872689938398358
3735,M,0.615,0.475,0.15,1.0375,0.47600000000000003,0.2325,0.28300000000000003,9,9.872689938398358
3681,M,0.615,0.47,0.175,1.242,0.5675,0.287,0.317,11,9.872689938398358
4087,I,0.595,0.475,0.155,0.9840000000000001,0.4865,0.184,0.2755,10,9.872689938398358
3340,I,0.54,0.435,0.145,0.97,0.4285,0.22,0.264,17,9.872689938398358
3585,M,0.625,0.485,0.16,1.2135,0.631,0.2235,0.302,9,9.872689938398358
1900,M,0.575,0.45,0.155,0.9765,0.495,0.2145,0.235,9,9.872689938398358
1780,M,0.515,0.35,0.155,0.9225,0.4185,0.198,0.273,9,9.872689938398358
2671,F,0.59,0.46,0.16,1.0115,0.445,0.2615,0.2565,8,9.872689938398358
1169,F,0.62,0.48,0.16,1.1125,0.5635,0.2445,0.281,8,9.872689938398358
1144,M,0.58,0.455,0.15,1.114,0.4765,0.2155,0.265,8,9.872689938398358
1782,M,0.525,0.365,0.17,0.9605,0.43799999999999994,0.2225,0.276,10,9.872689938398358
3652,F,0.525,0.425,0.14,0.8735,0.4205,0.182,0.2225,10,9.872689938398358
1503,F,0.63,0.49,0.225,1.3359999999999999,0.6805,0.259,0.3245,10,9.872689938398358
2929,I,0.61,0.49,0.16,1.1545,0.5865,0.2385,0.2915,11,9.872689938398358
2597,F,0.6,0.46,0.15,1.235,0.6025,0.27399999999999997,0.29,8,9.872689938398358
1941,F,0.625,0.47,0.145,0.9840000000000001,0.475,0.2,0.265,11,9.872689938398358
1484,F,0.59,0.465,0.15,1.151,0.613,0.239,0.2515,9,9.872689938398358
2192,F,0.575,0.485,0.165,1.0405,0.419,0.264,0.3,14,9.872689938398358
4009,M,0.61,0.49,0.16,1.146,0.597,0.24600000000000002,0.265,8,9.872689938398358
1177,F,0.645,0.48,0.17,1.1345,0.528,0.254,0.305,10,9.872689938398358
1670,F,0.61,0.485,0.15,1.2405,0.6025,0.2915,0.3085,12,9.872689938398358
3582,F,0.625,0.475,0.16,1.3335,0.605,0.2875,0.319,10,9.872689938398358
3676,F,0.6,0.5,0.16,1.122,0.5095,0.256,0.309,10,9.872689938398358
1489,F,0.605,0.485,0.165,0.9515,0.4535,0.193,0.2765,11,9.872689938398358
1345,M,0.585,0.475,0.15,1.065,0.5315,0.19899999999999998,0.2885,10,9.872689938398358
1656,F,0.6,0.475,0.15,1.13,0.575,0.196,0.305,9,9.872689938398358
3502,M,0.61,0.47,0.175,1.214,0.5315,0.2835,0.325,10,9.872689938398358
4047,M,0.62,0.485,0.145,1.003,0.4655,0.2195,0.28,11,9.872689938398358
3853,F,0.57,0.465,0.155,0.9685,0.446,0.261,0.255,9,9.872689938398358
2086,F,0.71,0.5,0.15,1.3165,0.6835,0.2815,0.28,10,9.872689938398358
2844,M,0.605,0.475,0.19,1.1255,0.59,0.247,0.26,10,9.872689938398358
2599,M,0.61,0.48,0.15,1.1495,0.564,0.27399999999999997,0.264,8,9.872689938398358
3099,M,0.575,0.48,0.15,0.9465,0.4355,0.2605,0.2505,9,9.872689938398358
2799,M,0.64,0.495,0.17,1.139,0.5395,0.282,0.285,10,9.872689938398358
2781,M,0.595,0.475,0.14,1.0305,0.4925,0.217,0.278,10,9.872689938398358
3819,M,0.57,0.45,0.14,0.9275,0.47700000000000004,0.1605,0.2515,8,9.872689938398358
879,F,0.64,0.51,0.165,1.486,0.7595,0.332,0.321,8,9.872689938398358
1809,F,0.64,0.475,0.14,1.0725,0.4895,0.2295,0.31,8,9.872689938398358
1335,F,0.575,0.48,0.165,1.078,0.511,0.2095,0.306,9,9.872689938398358
2072,M,0.58,0.45,0.12,0.8685,0.418,0.1475,0.2605,8,9.872689938398358
3564,I,0.575,0.44,0.125,0.8515,0.4555,0.1715,0.1965,9,9.872689938398358
4117,F,0.64,0.505,0.175,1.3185,0.6185,0.302,0.3315,9,9.872689938398358
2786,M,0.61,0.48,0.185,1.3065,0.6895,0.2915,0.29,10,9.872689938398358
1373,M,0.615,0.475,0.17,1.129,0.4795,0.302,0.3,10,9.872689938398358
1952,I,0.64,0.49,0.135,1.1,0.488,0.2505,0.2925,10,9.872689938398358
3051,M,0.595,0.48,0.14,0.9125,0.4095,0.1825,0.289,9,9.872689938398358
2890,M,0.52,0.465,0.15,0.9505,0.456,0.19899999999999998,0.255,8,9.872689938398358
74,F,0.605,0.45,0.195,1.0979999999999999,0.48100000000000004,0.2895,0.315,13,9.872689938398358
3493,M,0.555,0.44,0.15,0.838,0.4155,0.146,0.23,8,9.872689938398358
3455,M,0.6,0.475,0.155,1.1385,0.502,0.2295,0.31,9,9.872689938398358
2682,M,0.62,0.48,0.15,1.1015,0.4965,0.243,0.305,10,9.872689938398358
2903,F,0.575,0.425,0.15,0.8765,0.455,0.18,0.228,8,9.872689938398358
1924,F,0.61,0.46,0.155,0.9570000000000001,0.4255,0.1975,0.265,8,9.872689938398358
3508,F,0.64,0.475,0.175,1.1545,0.4865,0.341,0.28800000000000003,9,9.872689938398358
3122,M,0.56,0.42,0.15,0.8755,0.44,0.1965,0.2315,8,9.872689938398358
2991,M,0.595,0.485,0.15,1.0835,0.5305,0.231,0.276,8,9.872689938398358
425,M,0.58,0.45,0.175,1.068,0.425,0.203,0.32,13,9.872689938398358
1157,F,0.605,0.47,0.165,1.1775,0.611,0.2275,0.292,9,9.872689938398358
3779,M,0.595,0.48,0.185,1.1785,0.526,0.2975,0.314,10,9.872689938398358
1356,F,0.6,0.455,0.145,0.8895,0.419,0.1715,0.26899999999999996,10,9.872689938398358
1313,M,0.55,0.43,0.15,0.8745,0.413,0.1905,0.248,9,9.872689938398358
2605,F,0.62,0.475,0.16,1.3245,0.6865,0.233,0.3275,9,9.872689938398358
1792,M,0.57,0.455,0.175,1.02,0.4805,0.2145,0.29,9,9.872689938398358
1348,M,0.59,0.47,0.18,1.187,0.5985,0.22699999999999998,0.31,9,9.872689938398358
2531,M,0.605,0.475,0.175,1.2009999999999998,0.5395,0.275,0.309,10,9.872689938398358
1657,M,0.6,0.48,0.165,0.9165,0.4135,0.1965,0.2725,9,9.872689938398358
259,F,0.59,0.475,0.16,1.1015,0.4775,0.2555,0.295,13,9.872689938398358
1350,F,0.595,0.465,0.15,0.98,0.4115,0.196,0.2255,10,9.872689938398358
3454,F,0.575,0.46,0.165,1.065,0.4985,0.2145,0.2815,8,9.872689938398358
190,M,0.615,0.48,0.18,1.1595,0.4845,0.2165,0.325,13,9.872689938398358
1305,F,0.54,0.42,0.145,0.8655,0.4315,0.163,0.2175,10,9.872689938398358
1689,M,0.625,0.475,0.16,1.0845,0.5005,0.2355,0.3105,10,9.872689938398358
3671,I,0.595,0.47,0.135,0.9365,0.434,0.184,0.287,10,9.872689938398358
1158,M,0.605,0.475,0.14,1.1175,0.555,0.257,0.27399999999999997,9,9.872689938398358
1921,M,0.605,0.47,0.18,1.1155,0.479,0.2565,0.321,10,9.872689938398358
3739,F,0.65,0.525,0.165,1.238,0.647,0.2485,0.3005,9,9.872689938398358
2785,M,0.6,0.51,0.185,1.285,0.6095,0.2745,0.315,9,9.872689938398358
2473,F,0.615,0.47,0.175,1.2985,0.5135,0.34299999999999997,0.32,14,9.872689938398358
4015,M,0.635,0.48,0.145,1.181,0.665,0.22899999999999998,0.225,10,9.872689938398358
4040,F,0.575,0.45,0.12,0.9585,0.447,0.16899999999999998,0.275,12,9.872689938398358
3996,I,0.315,0.23,0.0,0.134,0.0575,0.0285,0.3505,6,9.0
2175,M,0.575,0.45,0.185,0.925,0.342,0.19699999999999998,0.35,12,14.25
2177,F,0.58,0.45,0.235,1.071,0.3,0.20600000000000002,0.395,14,14.0
3195,F,0.545,0.405,0.175,0.98,0.2585,0.207,0.38,18,14.0
153,F,0.605,0.485,0.16,1.0565,0.37,0.2355,0.355,10,10.0
794,M,0.58,0.465,0.16,1.0345,0.315,0.26,0.3635,12,18.0
3367,I,0.59,0.465,0.195,1.0885,0.3685,0.187,0.375,17,12.0
84,M,0.58,0.45,0.14,1.013,0.38,0.21600000000000003,0.36,14,15.625
2471,M,0.565,0.44,0.175,1.122,0.39299999999999996,0.2,0.375,20,15.5
1672,F,0.61,0.475,0.16,1.1155,0.3835,0.223,0.379,10,20.0
429,F,0.575,0.45,0.17,1.0475,0.3775,0.1705,0.385,18,20.0
2235,M,0.6,0.48,0.175,1.229,0.4125,0.2735,0.415,13,14.666666666666666
2432,F,0.61,0.485,0.165,1.087,0.4255,0.23199999999999998,0.38,11,11.0
2106,M,0.595,0.455,0.155,1.041,0.41600000000000004,0.2105,0.365,14,11.0
3697,M,0.65,0.51,0.175,1.155,0.4955,0.2025,0.385,12,10.791666666666666
2128,M,0.62,0.51,0.175,1.1505,0.4375,0.2265,0.4,12,10.791666666666666
3310,F,0.62,0.485,0.165,1.166,0.483,0.23800000000000002,0.355,13,10.791666666666666
1807,M,0.635,0.495,0.195,1.172,0.445,0.3115,0.3475,11,10.791666666666666
2033,M,0.61,0.49,0.16,1.112,0.465,0.228,0.341,10,10.791666666666666
3822,F,0.605,0.48,0.175,1.1685,0.4815,0.2305,0.35600000000000004,9,10.791666666666666
104,M,0.605,0.47,0.16,1.1735,0.4975,0.2405,0.345,12,10.791666666666666
2306,F,0.65,0.5,0.165,1.1445,0.485,0.218,0.365,12,10.791666666666666
3789,F,0.645,0.51,0.155,1.129,0.5015,0.24,0.342,10,10.791666666666666
1375,F,0.615,0.475,0.155,1.115,0.484,0.2115,0.355,10,10.791666666666666
2924,M,0.605,0.49,0.18,1.167,0.457,0.29,0.3745,9,10.791666666666666
3734,M,0.615,0.505,0.165,1.167,0.4895,0.2955,0.345,10,10.791666666666666
3299,M,0.605,0.485,0.175,1.145,0.4325,0.27,0.405,16,10.791666666666666
3785,M,0.625,0.495,0.155,1.177,0.5055,0.278,0.345,9,10.791666666666666
1688,M,0.625,0.49,0.165,1.1165,0.4895,0.2615,0.3325,11,10.791666666666666
3812,F,0.61,0.49,0.17,1.137,0.4605,0.2825,0.344,12,10.791666666666666
1949,M,0.64,0.53,0.165,1.1895,0.4765,0.3,0.35,11,12.3
130,M,0.595,0.48,0.165,1.262,0.4835,0.28300000000000003,0.41,17,12.3
3247,F,0.61,0.495,0.19,1.213,0.46399999999999997,0.306,0.365,15,21.0
360,M,0.605,0.49,0.18,1.227,0.48,0.287,0.35,18,12.25
477,M,0.665,0.54,0.175,1.347,0.4955,0.254,0.415,17,10.76923076923077
3060,M,0.63,0.515,0.175,1.1955,0.49200000000000005,0.247,0.37,11,10.76923076923077
2251,M,0.6,0.485,0.175,1.2675,0.4995,0.2815,0.38,13,10.76923076923077
3203,F,0.635,0.505,0.185,1.3035,0.501,0.295,0.41,17,10.76923076923077
1944,F,0.635,0.52,0.165,1.3405,0.5065,0.29600000000000004,0.41200000000000003,11,10.76923076923077
1378,F,0.62,0.5,0.15,1.2930000000000001,0.596,0.3135,0.354,10,10.845833333333333
2616,F,0.65,0.5,0.185,1.4415,0.741,0.2955,0.341,9,10.845833333333333
1973,M,0.68,0.54,0.155,1.534,0.6709999999999999,0.379,0.384,10,10.845833333333333
3467,M,0.66,0.525,0.18,1.4780000000000002,0.5815,0.381,0.37200000000000005,10,10.845833333333333
2615,M,0.645,0.5,0.175,1.5105,0.6735,0.3755,0.3775,12,10.845833333333333
4093,M,0.63,0.485,0.18,1.2435,0.5175,0.308,0.37,11,10.845833333333333
3595,M,0.66,0.515,0.2,1.6465,0.7490000000000001,0.42200000000000004,0.401,11,10.845833333333333
1392,M,0.635,0.475,0.17,1.1935,0.5205,0.2695,0.3665,10,10.845833333333333
3786,M,0.625,0.5,0.185,1.2425,0.5995,0.248,0.335,10,10.845833333333333
1012,M,0.625,0.49,0.175,1.3325,0.5705,0.271,0.405,10,10.845833333333333
1044,M,0.69,0.525,0.175,1.7005,0.8255,0.36200000000000004,0.405,8,10.845833333333333
885,F,0.67,0.585,0.16,1.3090000000000002,0.5445,0.2945,0.413,10,10.845833333333333
2035,M,0.66,0.515,0.195,1.5655,0.7345,0.353,0.386,9,10.845833333333333
2998,F,0.635,0.51,0.17,1.2235,0.532,0.271,0.354,9,10.845833333333333
1739,M,0.675,0.525,0.16,1.2835,0.5720000000000001,0.2755,0.3545,13,10.845833333333333
36,F,0.54,0.475,0.155,1.217,0.5305,0.3075,0.34,16,10.845833333333333
1956,M,0.645,0.49,0.175,1.32,0.6525,0.2375,0.3385,11,10.845833333333333
456,F,0.64,0.54,0.175,1.2209999999999999,0.51,0.259,0.39,15,10.845833333333333
865,F,0.605,0.475,0.175,1.382,0.609,0.2325,0.3985,10,10.845833333333333
467,M,0.655,0.53,0.195,1.3880000000000001,0.5670000000000001,0.2735,0.41,13,10.845833333333333
1706,M,0.645,0.505,0.15,1.1605,0.519,0.2615,0.335,10,10.845833333333333
1788,F,0.545,0.415,0.2,1.358,0.5670000000000001,0.318,0.40299999999999997,10,10.845833333333333
3150,F,0.655,0.505,0.165,1.367,0.5835,0.3515,0.396,10,10.845833333333333
2687,M,0.63,0.51,0.175,1.3415,0.6575,0.262,0.375,10,10.845833333333333
864,M,0.6,0.495,0.175,1.29,0.606,0.276,0.3445,11,10.845833333333333
3392,M,0.645,0.515,0.185,1.4605,0.5835,0.3155,0.41,19,10.845833333333333
4099,M,0.67,0.525,0.18,1.4915,0.728,0.34299999999999997,0.381,9,10.845833333333333
1021,M,0.64,0.505,0.155,1.4025,0.705,0.2655,0.335,10,10.845833333333333
1679,F,0.62,0.515,0.155,1.3255,0.6685,0.2605,0.335,12,10.845833333333333
1035,F,0.655,0.51,0.175,1.6525,0.8515,0.3365,0.40299999999999997,10,10.845833333333333
3622,M,0.655,0.505,0.165,1.27,0.6035,0.262,0.335,10,10.845833333333333
1188,F,0.69,0.54,0.155,1.454,0.624,0.3105,0.39,9,10.845833333333333
1039,F,0.66,0.475,0.18,1.3695,0.6409999999999999,0.294,0.335,6,10.845833333333333
3072,F,0.66,0.53,0.18,1.5175,0.7765,0.302,0.401,10,10.845833333333333
3698,F,0.65,0.51,0.175,1.35,0.575,0.3155,0.3885,10,10.845833333333333
1183,M,0.665,0.525,0.16,1.3630000000000002,0.629,0.27899999999999997,0.34,8,10.845833333333333
2617,M,0.67,0.52,0.19,1.6385,0.8115,0.369,0.391,9,10.845833333333333
2993,F,0.595,0.43,0.21,1.5245,0.653,0.396,0.41,11,10.845833333333333
2857,M,0.665,0.515,0.19,1.6385,0.831,0.3575,0.371,11,10.845833333333333
1176,M,0.645,0.53,0.195,1.39,0.6465,0.2945,0.3735,10,10.845833333333333
1634,F,0.575,0.47,0.155,1.1159999999999999,0.509,0.23800000000000002,0.34,10,10.845833333333333
575,F,0.61,0.475,0.14,1.133,0.5275,0.2355,0.35,11,10.845833333333333
3877,F,0.645,0.5,0.225,1.626,0.5870000000000001,0.4055,0.41,15,10.845833333333333
4142,M,0.655,0.525,0.18,1.402,0.624,0.2935,0.365,13,10.845833333333333
1729,M,0.665,0.525,0.175,1.443,0.6635,0.3845,0.353,11,10.845833333333333
1411,F,0.67,0.53,0.225,1.5615,0.63,0.48700000000000004,0.3725,11,10.845833333333333
3623,M,0.66,0.53,0.175,1.5830000000000002,0.7395,0.3505,0.405,10,10.845833333333333
1402,M,0.65,0.51,0.19,1.5419999999999998,0.7155,0.3735,0.375,9,10.845833333333333
658,I,0.58,0.49,0.195,1.3165,0.5305,0.254,0.41,18,10.845833333333333
1522,M,0.68,0.515,0.17,1.6115,0.8415,0.306,0.395,11,10.845833333333333
868,F,0.615,0.52,0.15,1.3435,0.629,0.2605,0.345,10,10.845833333333333
2792,M,0.625,0.49,0.165,1.205,0.5175,0.3105,0.3465,10,10.845833333333333
4143,F,0.655,0.5,0.22,1.359,0.642,0.3255,0.405,13,10.845833333333333
1970,M,0.675,0.515,0.15,1.3119999999999998,0.556,0.2845,0.4115,11,10.845833333333333
487,F,0.625,0.515,0.15,1.2415,0.5235,0.3065,0.36,15,10.845833333333333
3695,F,0.65,0.52,0.195,1.281,0.5985,0.24600000000000002,0.3825,10,10.845833333333333
4063,F,0.63,0.515,0.16,1.3359999999999999,0.5529999999999999,0.3205,0.35,11,10.845833333333333
1710,M,0.645,0.51,0.195,1.226,0.5885,0.2215,0.3745,10,10.845833333333333
2706,F,0.725,0.53,0.19,1.7315,0.83,0.39799999999999996,0.405,11,10.845833333333333
1806,M,0.625,0.49,0.185,1.169,0.5275,0.2535,0.344,11,10.845833333333333
1692,F,0.625,0.485,0.175,1.3619999999999999,0.6765,0.2615,0.3705,10,10.845833333333333
370,F,0.65,0.545,0.165,1.5659999999999998,0.6645,0.3455,0.415,16,10.845833333333333
3616,M,0.615,0.495,0.2,1.304,0.5795,0.3115,0.371,14,10.845833333333333
1974,M,0.685,0.535,0.155,1.3845,0.6615,0.2145,0.4075,10,10.845833333333333
1704,M,0.64,0.515,0.18,1.247,0.5475,0.2925,0.3685,10,10.845833333333333
4094,M,0.63,0.53,0.175,1.4135,0.667,0.2945,0.3555,13,10.845833333333333
414,F,0.605,0.495,0.17,1.2385,0.528,0.2465,0.39,14,10.845833333333333
2080,M,0.645,0.495,0.15,1.2095,0.603,0.2225,0.33899999999999997,9,10.845833333333333
1019,M,0.635,0.49,0.175,1.375,0.623,0.2705,0.395,11,10.845833333333333
2529,F,0.6,0.5,0.155,1.3319999999999999,0.6235,0.2835,0.35,8,10.845833333333333
452,F,0.665,0.555,0.195,1.4385,0.581,0.354,0.36,17,10.845833333333333
1637,F,0.575,0.465,0.195,0.9965,0.41700000000000004,0.247,0.47,8,13.333333333333334
85,F,0.57,0.465,0.18,1.295,0.33899999999999997,0.2225,0.44,12,21.0
2209,F,0.55,0.465,0.18,1.2125,0.3245,0.205,0.525,27,21.0
314,M,0.63,0.485,0.175,1.3,0.4335,0.2945,0.46,23,18.5
3798,F,0.695,0.535,0.175,1.361,0.5465,0.2815,0.465,10,14.6
1182,F,0.66,0.53,0.185,1.3459999999999999,0.546,0.2705,0.47600000000000003,11,11.857142857142858
2367,M,0.65,0.545,0.16,1.2425,0.48700000000000004,0.29600000000000004,0.48,15,19.0
2796,M,0.63,0.525,0.195,1.3135,0.4935,0.2565,0.465,10,19.0
142,M,0.65,0.52,0.19,1.3445,0.519,0.306,0.4465,16,16.0
2201,F,0.645,0.49,0.215,1.406,0.4265,0.2285,0.51,25,21.25
2210,M,0.66,0.505,0.2,1.6305,0.4865,0.297,0.61,18,15.666666666666666
2200,F,0.65,0.515,0.195,1.4005,0.5195,0.36,0.44,13,13.714285714285714
2397,I,0.635,0.505,0.19,1.3315,0.5805,0.252,0.435,17,12.633333333333333
2705,M,0.7,0.55,0.2,1.5230000000000001,0.693,0.306,0.4405,13,12.633333333333333
451,F,0.675,0.535,0.16,1.41,0.5920000000000001,0.3175,0.42,16,12.633333333333333
1813,F,0.655,0.52,0.2,1.5475,0.713,0.314,0.466,9,12.633333333333333
4056,M,0.645,0.51,0.165,1.403,0.5755,0.2515,0.4545,11,12.633333333333333
3327,I,0.635,0.48,0.2,1.3655,0.6255,0.2595,0.425,16,12.633333333333333
3166,F,0.64,0.54,0.175,1.571,0.627,0.271,0.475,18,12.633333333333333
3796,F,0.675,0.54,0.21,1.5930000000000002,0.6859999999999999,0.318,0.45,11,12.633333333333333
2359,F,0.645,0.525,0.2,1.449,0.601,0.2565,0.505,13,12.633333333333333
1514,F,0.655,0.54,0.215,1.5555,0.695,0.29600000000000004,0.444,11,12.633333333333333
362,F,0.65,0.525,0.175,1.4225,0.61,0.2995,0.445,20,12.633333333333333
2965,M,0.67,0.525,0.195,1.4405,0.6595,0.2675,0.425,9,12.633333333333333
3990,M,0.67,0.51,0.2,1.5945,0.6705,0.3845,0.4505,10,11.285714285714286
1820,F,0.705,0.545,0.18,1.5395,0.6075,0.3675,0.4645,13,11.285714285714286
3708,F,0.675,0.53,0.195,1.4985,0.62,0.375,0.425,9,11.285714285714286
1795,F,0.58,0.43,0.17,1.48,0.6535,0.324,0.4155,10,11.285714285714286
1410,F,0.665,0.53,0.18,1.4909999999999999,0.6345,0.342,0.435,10,11.285714285714286
3104,M,0.66,0.525,0.2,1.489,0.6065,0.3795,0.42100000000000004,10,11.285714285714286
3705,F,0.67,0.54,0.2,1.46,0.6435,0.32799999999999996,0.4165,9,11.285714285714286
1957,F,0.645,0.52,0.21,1.5535,0.616,0.3655,0.474,16,11.285714285714286
1933,M,0.62,0.495,0.195,1.5145,0.579,0.34600000000000003,0.5195,15,11.285714285714286
3929,F,0.65,0.515,0.215,1.4980000000000002,0.564,0.32299999999999995,0.425,16,11.285714285714286
2809,M,0.71,0.565,0.2,1.601,0.706,0.321,0.45,11,11.285714285714286
3598,M,0.715,0.52,0.18,1.6,0.708,0.3525,0.445,12,11.285714285714286
3302,F,0.71,0.575,0.175,1.555,0.6465,0.3705,0.52,15,11.285714285714286
3078,F,0.695,0.535,0.2,1.5855,0.667,0.33399999999999996,0.47100000000000003,11,11.285714285714286
2353,F,0.72,0.56,0.175,1.7265,0.637,0.3415,0.525,17,17.2
2540,F,0.675,0.55,0.175,1.689,0.6940000000000001,0.371,0.474,13,11.125
1186,F,0.685,0.54,0.215,1.7025,0.664,0.3655,0.4735,14,18.0
3743,F,0.705,0.555,0.195,1.7525,0.7105,0.4215,0.516,12,14.0
2619,M,0.69,0.54,0.185,1.71,0.7725,0.3855,0.4325,8,11.183908045977011
1750,F,0.71,0.57,0.195,1.9805,0.9925,0.4925,0.48,12,11.183908045977011
2807,M,0.7,0.54,0.205,1.74,0.7885,0.373,0.4865,13,11.183908045977011
3702,F,0.665,0.54,0.195,1.764,0.8505,0.3615,0.47,11,11.183908045977011
2707,M,0.725,0.55,0.2,1.51,0.8735,0.4265,0.5085,9,11.183908045977011
1405,M,0.655,0.535,0.205,1.6445,0.7305,0.3595,0.46,13,11.183908045977011
1523,M,0.69,0.525,0.2,1.7825,0.9165,0.3325,0.461,12,11.183908045977011
1530,M,0.75,0.55,0.18,1.893,0.9420000000000001,0.397,0.445,11,11.183908045977011
3471,F,0.725,0.58,0.185,1.5230000000000001,0.8045,0.3595,0.4375,9,11.183908045977011
1045,M,0.69,0.505,0.2,1.8719999999999999,0.893,0.4015,0.48,10,11.183908045977011
1420,F,0.71,0.55,0.17,1.614,0.743,0.345,0.45,11,11.183908045977011
1821,F,0.72,0.55,0.195,2.073,1.0715,0.4265,0.5015,9,11.183908045977011
1041,F,0.675,0.57,0.225,1.587,0.7390000000000001,0.2995,0.435,10,11.183908045977011
4112,F,0.56,0.42,0.18,1.6645,0.7755,0.35,0.4525,9,11.183908045977011
886,F,0.675,0.525,0.17,1.8095,0.784,0.391,0.455,12,11.183908045977011
889,F,0.685,0.54,0.16,1.6675,0.833,0.3775,0.475,11,11.183908045977011
2085,F,0.705,0.57,0.185,1.761,0.747,0.3725,0.488,10,11.183908045977011
3082,F,0.755,0.575,0.2,2.073,1.0135,0.4655,0.48,11,11.183908045977011
1982,M,0.72,0.565,0.19,2.081,1.0815,0.4305,0.503,11,11.183908045977011
1400,F,0.65,0.59,0.22,1.662,0.77,0.37799999999999995,0.435,11,11.183908045977011
129,M,0.71,0.54,0.165,1.959,0.7665,0.261,0.78,18,12.0
358,M,0.745,0.585,0.215,2.499,0.9265,0.47200000000000003,0.7,17,12.257142857142858
1051,F,0.735,0.6,0.22,2.555,1.1335,0.44,0.6,11,12.257142857142858
1746,M,0.7,0.565,0.175,1.8565,0.8445,0.3935,0.54,10,12.257142857142858
1209,F,0.78,0.63,0.215,2.657,1.4880000000000002,0.4985,0.586,11,12.257142857142858
2334,F,0.8,0.63,0.195,2.526,0.9329999999999999,0.59,0.62,23,12.257142857142858
1762,M,0.77,0.62,0.195,2.5155,1.1155,0.6415,0.642,12,12.257142857142858
1763,M,0.775,0.63,0.25,2.7795,1.3485,0.76,0.578,12,12.257142857142858
4105,F,0.715,0.565,0.18,1.79,0.8440000000000001,0.3535,0.5385,9,12.257142857142858
